{
    "precision": {
        "mean_fit_time": 0.09945635795593262,
        "std_fit_time": 0.0034862926912047265,
        "mean_score_time": 0.005801534652709961,
        "std_score_time": 0.00039737328646349574,
        "param_model__base_estimator__max_depth": 3,
        "param_model__base_estimator__min_samples_split": 7,
        "param_model__bootstrap": true,
        "param_model__bootstrap_features": false,
        "param_model__n_estimators": 50,
        "params": {
            "model__base_estimator__max_depth": 3,
            "model__base_estimator__min_samples_split": 7,
            "model__bootstrap": true,
            "model__bootstrap_features": false,
            "model__n_estimators": 50
        },
        "split0_test_precision": 1.0,
        "split1_test_precision": 1.0,
        "split2_test_precision": 0.7333333333333333,
        "split3_test_precision": 0.9230769230769231,
        "split4_test_precision": 1.0,
        "mean_test_precision": 0.9312820512820513,
        "std_test_precision": 0.10336100666538768,
        "rank_test_precision": 1,
        "split0_test_recall": 0.29411764705882354,
        "split1_test_recall": 0.11764705882352941,
        "split2_test_recall": 0.21568627450980393,
        "split3_test_recall": 0.23529411764705882,
        "split4_test_recall": 0.24,
        "mean_test_recall": 0.22054901960784315,
        "std_test_recall": 0.05765511481658543,
        "rank_test_recall": 346,
        "split0_test_f1": 0.45454545454545453,
        "split1_test_f1": 0.21052631578947367,
        "split2_test_f1": 0.3333333333333333,
        "split3_test_f1": 0.375,
        "split4_test_f1": 0.3870967741935484,
        "mean_test_f1": 0.352100375572362,
        "std_test_f1": 0.08079548403096963,
        "rank_test_f1": 337,
        "split0_test_accuracy": 0.8269230769230769,
        "split1_test_accuracy": 0.7836538461538461,
        "split2_test_accuracy": 0.7884615384615384,
        "split3_test_accuracy": 0.8076923076923077,
        "split4_test_accuracy": 0.8164251207729468,
        "mean_test_accuracy": 0.8046311780007432,
        "std_test_accuracy": 0.01641281239098765,
        "rank_test_accuracy": 318
    },
    "recall": {
        "mean_fit_time": 0.5116766929626465,
        "std_fit_time": 0.008128135554486285,
        "mean_score_time": 0.01717982292175293,
        "std_score_time": 0.0014557738370954414,
        "param_model__base_estimator__max_depth": 10,
        "param_model__base_estimator__min_samples_split": 7,
        "param_model__bootstrap": true,
        "param_model__bootstrap_features": false,
        "param_model__n_estimators": 150,
        "params": {
            "model__base_estimator__max_depth": 10,
            "model__base_estimator__min_samples_split": 7,
            "model__bootstrap": true,
            "model__bootstrap_features": false,
            "model__n_estimators": 150
        },
        "split0_test_precision": 0.868421052631579,
        "split1_test_precision": 0.88,
        "split2_test_precision": 0.7804878048780488,
        "split3_test_precision": 0.8378378378378378,
        "split4_test_precision": 0.7111111111111111,
        "mean_test_precision": 0.8155715612917154,
        "std_test_precision": 0.06258232200314383,
        "rank_test_precision": 255,
        "split0_test_recall": 0.6470588235294118,
        "split1_test_recall": 0.43137254901960786,
        "split2_test_recall": 0.6274509803921569,
        "split3_test_recall": 0.6078431372549019,
        "split4_test_recall": 0.64,
        "mean_test_recall": 0.5907450980392157,
        "std_test_recall": 0.08079177578329125,
        "rank_test_recall": 1,
        "split0_test_f1": 0.7415730337078651,
        "split1_test_f1": 0.5789473684210527,
        "split2_test_f1": 0.6956521739130435,
        "split3_test_f1": 0.7045454545454545,
        "split4_test_f1": 0.6736842105263158,
        "mean_test_f1": 0.6788804482227463,
        "std_test_f1": 0.05455999437652762,
        "rank_test_f1": 2,
        "split0_test_accuracy": 0.8894230769230769,
        "split1_test_accuracy": 0.8461538461538461,
        "split2_test_accuracy": 0.8653846153846154,
        "split3_test_accuracy": 0.875,
        "split4_test_accuracy": 0.8502415458937198,
        "mean_test_accuracy": 0.8652406168710517,
        "std_test_accuracy": 0.01593320190916765,
        "rank_test_accuracy": 9
    },
    "f1": {
        "mean_fit_time": 0.3461299419403076,
        "std_fit_time": 0.00759291635524026,
        "mean_score_time": 0.012218141555786132,
        "std_score_time": 0.0018939253088975515,
        "param_model__base_estimator__max_depth": 11,
        "param_model__base_estimator__min_samples_split": 5,
        "param_model__bootstrap": true,
        "param_model__bootstrap_features": false,
        "param_model__n_estimators": 100,
        "params": {
            "model__base_estimator__max_depth": 11,
            "model__base_estimator__min_samples_split": 5,
            "model__bootstrap": true,
            "model__bootstrap_features": false,
            "model__n_estimators": 100
        },
        "split0_test_precision": 0.8918918918918919,
        "split1_test_precision": 0.9545454545454546,
        "split2_test_precision": 0.8108108108108109,
        "split3_test_precision": 0.8571428571428571,
        "split4_test_precision": 0.7391304347826086,
        "mean_test_precision": 0.8507042898347246,
        "std_test_precision": 0.07288494494819064,
        "rank_test_precision": 87,
        "split0_test_recall": 0.6470588235294118,
        "split1_test_recall": 0.4117647058823529,
        "split2_test_recall": 0.5882352941176471,
        "split3_test_recall": 0.5882352941176471,
        "split4_test_recall": 0.68,
        "mean_test_recall": 0.5830588235294119,
        "std_test_recall": 0.09261626005350024,
        "rank_test_recall": 4,
        "split0_test_f1": 0.7499999999999999,
        "split1_test_f1": 0.5753424657534247,
        "split2_test_f1": 0.6818181818181819,
        "split3_test_f1": 0.6976744186046512,
        "split4_test_f1": 0.7083333333333334,
        "mean_test_f1": 0.6826336799019183,
        "std_test_f1": 0.0582013518079407,
        "rank_test_f1": 1,
        "split0_test_accuracy": 0.8942307692307693,
        "split1_test_accuracy": 0.8509615384615384,
        "split2_test_accuracy": 0.8653846153846154,
        "split3_test_accuracy": 0.875,
        "split4_test_accuracy": 0.8647342995169082,
        "mean_test_accuracy": 0.8700622445187663,
        "std_test_accuracy": 0.014308062063684622,
        "rank_test_accuracy": 1
    },
    "accuracy": {
        "mean_fit_time": 0.3461299419403076,
        "std_fit_time": 0.00759291635524026,
        "mean_score_time": 0.012218141555786132,
        "std_score_time": 0.0018939253088975515,
        "param_model__base_estimator__max_depth": 11,
        "param_model__base_estimator__min_samples_split": 5,
        "param_model__bootstrap": true,
        "param_model__bootstrap_features": false,
        "param_model__n_estimators": 100,
        "params": {
            "model__base_estimator__max_depth": 11,
            "model__base_estimator__min_samples_split": 5,
            "model__bootstrap": true,
            "model__bootstrap_features": false,
            "model__n_estimators": 100
        },
        "split0_test_precision": 0.8918918918918919,
        "split1_test_precision": 0.9545454545454546,
        "split2_test_precision": 0.8108108108108109,
        "split3_test_precision": 0.8571428571428571,
        "split4_test_precision": 0.7391304347826086,
        "mean_test_precision": 0.8507042898347246,
        "std_test_precision": 0.07288494494819064,
        "rank_test_precision": 87,
        "split0_test_recall": 0.6470588235294118,
        "split1_test_recall": 0.4117647058823529,
        "split2_test_recall": 0.5882352941176471,
        "split3_test_recall": 0.5882352941176471,
        "split4_test_recall": 0.68,