{
    "precision": {
        "mean_fit_time": 0.005074405670166015,
        "std_fit_time": 0.0007961912196908395,
        "mean_score_time": 0.0023673534393310546,
        "std_score_time": 0.0010179251858871785,
        "param_model__criterion": "gini",
        "param_model__max_depth": 5,
        "param_model__min_samples_leaf": 8,
        "param_model__min_samples_split": 2,
        "params": {
            "model__criterion": "gini",
            "model__max_depth": 5,
            "model__min_samples_leaf": 8,
            "model__min_samples_split": 2
        },
        "split0_test_precision": 0.7333333333333333,
        "split1_test_precision": 0.6666666666666666,
        "split2_test_precision": 0.8214285714285714,
        "split3_test_precision": 0.7777777777777778,
        "split4_test_precision": 0.5111111111111111,
        "mean_test_precision": 0.7020634920634921,
        "std_test_precision": 0.10832748981274681,
        "rank_test_precision": 1,
        "split0_test_recall": 0.6470588235294118,
        "split1_test_recall": 0.27450980392156865,
        "split2_test_recall": 0.45098039215686275,
        "split3_test_recall": 0.4117647058823529,
        "split4_test_recall": 0.46,
        "mean_test_recall": 0.4488627450980392,
        "std_test_recall": 0.11931925325941845,
        "rank_test_recall": 1742,
        "split0_test_f1": 0.6875,
        "split1_test_f1": 0.38888888888888895,
        "split2_test_f1": 0.5822784810126583,
        "split3_test_f1": 0.5384615384615384,
        "split4_test_f1": 0.4842105263157895,
        "mean_test_f1": 0.536267886935775,
        "std_test_f1": 0.09942180521014292,
        "rank_test_f1": 1408,
        "split0_test_accuracy": 0.8557692307692307,
        "split1_test_accuracy": 0.7884615384615384,
        "split2_test_accuracy": 0.8413461538461539,
        "split3_test_accuracy": 0.8269230769230769,
        "split4_test_accuracy": 0.7632850241545893,
        "mean_test_accuracy": 0.8151570048309178,
        "std_test_accuracy": 0.0342841513771269,
        "rank_test_accuracy": 1
    },
    "recall": {
        "mean_fit_time": 0.007669496536254883,
        "std_fit_time": 0.0008583662145030231,
        "mean_score_time": 0.002678966522216797,
        "std_score_time": 0.00057073407363602,
        "param_model__criterion": "entropy",
        "param_model__max_depth": 9,
        "param_model__min_samples_leaf": 7,
        "param_model__min_samples_split": 2,
        "params": {
            "model__criterion": "entropy",
            "model__max_depth": 9,
            "model__min_samples_leaf": 7,
            "model__min_samples_split": 2
        },
        "split0_test_precision": 0.5423728813559322,
        "split1_test_precision": 0.625,
        "split2_test_precision": 0.64,
        "split3_test_precision": 0.717948717948718,
        "split4_test_precision": 0.5671641791044776,
        "mean_test_precision": 0.6184971556818255,
        "std_test_precision": 0.061360006781710934,
        "rank_test_precision": 1518,
        "split0_test_recall": 0.6274509803921569,
        "split1_test_recall": 0.39215686274509803,
        "split2_test_recall": 0.6274509803921569,
        "split3_test_recall": 0.5490196078431373,
        "split4_test_recall": 0.76,
        "mean_test_recall": 0.5912156862745098,
        "std_test_recall": 0.12043177479325755,
        "rank_test_recall": 1,
        "split0_test_f1": 0.5818181818181818,
        "split1_test_f1": 0.4819277108433735,
        "split2_test_f1": 0.6336633663366336,
        "split3_test_f1": 0.6222222222222223,
        "split4_test_f1": 0.6495726495726495,
        "mean_test_f1": 0.5938408261586121,
        "std_test_f1": 0.0602768012527232,
        "rank_test_f1": 33,
        "split0_test_accuracy": 0.7788461538461539,
        "split1_test_accuracy": 0.7932692307692307,
        "split2_test_accuracy": 0.8221153846153846,
        "split3_test_accuracy": 0.8365384615384616,
        "split4_test_accuracy": 0.8019323671497585,
        "mean_test_accuracy": 0.8065403195837979,
        "std_test_accuracy": 0.02052702127115819,
        "rank_test_accuracy": 246
    },
    "f1": {
        "mean_fit_time": 0.006706809997558594,
        "std_fit_time": 0.0003507212210814013,
        "mean_score_time": 0.0018381595611572266,
        "std_score_time": 0.00042334459570707197,
        "param_model__criterion": "entropy",
        "param_model__max_depth": 10,
        "param_model__min_samples_leaf": 7,
        "param_model__min_samples_split": 2,
        "params": {
            "model__criterion": "entropy",
            "model__max_depth": 10,
            "model__min_samples_leaf": 7,
            "model__min_samples_split": 2
        },
        "split0_test_precision": 0.5423728813559322,
        "split1_test_precision": 0.6470588235294118,
        "split2_test_precision": 0.64,
        "split3_test_precision": 0.7,
        "split4_test_precision": 0.5806451612903226,
        "mean_test_precision": 0.6220153732351332,
        "std_test_precision": 0.05493021784638449,
        "rank_test_precision": 1374,
        "split0_test_recall": 0.6274509803921569,
        "split1_test_recall": 0.43137254901960786,
        "split2_test_recall": 0.6274509803921569,
        "split3_test_recall": 0.5490196078431373,
        "split4_test_recall": 0.72,
        "mean_test_recall": 0.5910588235294117,
        "std_test_recall": 0.09647964248918237,
        "rank_test_recall": 17,
        "split0_test_f1": 0.5818181818181818,
        "split1_test_f1": 0.5176470588235293,
        "split2_test_f1": 0.6336633663366336,
        "split3_test_f1": 0.6153846153846154,
        "split4_test_f1": 0.6428571428571428,
        "mean_test_f1": 0.5982740730440206,
        "std_test_f1": 0.04539677220034379,
        "rank_test_f1": 1,
        "split0_test_accuracy": 0.7788461538461539,
        "split1_test_accuracy": 0.8028846153846154,
        "split2_test_accuracy": 0.8221153846153846,
        "split3_test_accuracy": 0.8317307692307693,
        "split4_test_accuracy": 0.8067632850241546,
        "mean_test_accuracy": 0.8084680416202155,
        "std_test_accuracy": 0.018104924996198767,
        "rank_test_accuracy": 106
    },
    "accuracy": {
        "mean_fit_time": 0.005074405670166015,
        "std_fit_time": 0.0007961912196908395,
        "mean_score_time": 0.0023673534393310546,
        "std_score_time": 0.0010179251858871785,
        "param_model__criterion": "gini",
        "param_model__max_depth": 5,
        "param_model__min_samples_leaf": 8,
        "param_model__min_samples_split": 2,
        "params": {
            "model__criterion": "gini",
            "model__max_depth": 5,
            "model__min_samples_leaf": 8,
            "model__min_samples_split": 2
        },
        "split0_test_precision": 0.7333333333333333,
        "split1_test_precision": 0.6666666666666666,
        "split2_test_precision": 0.8214285714285714,
        "split3_test_precision": 0.7777777777777778,
        "split4_test_precision": 0.5111111111111111,
        "mean_test_precision": 0.7020634920634921,
        "std_test_precision": 0.10832748981274681,
        "rank_test_precision": 1,
        "split0_test_recall": 0.6470588235294118,
        "split1_test_recall": 0.27450980392156865,
        "split2_test_recall": 0.45098039215686275,
        "split3_test_recall": 0.4117647058823529,
        "split4_test_recall": 0.46,
        "mean_test_recall": 0.4488627450980392,
        "std_test_recall": 0.11931925325941845,
        "rank_test_recall": 1742,
        "split0_test_f1": 0.6875,
        "split1_test_f1": 0.38888888888888895,
        "split2_test_f1": 0.5822784810126583,
        "split3_test_f1": 0.5384615384615384,
        "split4_test_f1": 0.4842105263157895,
        "mean_test_f1": 0.536267886935775,
        "std_test_f1": 0.09942180521014292,
        "rank_test_f1": 1408,
        "split0_test_accuracy": 0.8557692307692307,
        "split1_test_accuracy": 0.7884615384615384,