{
    "precision": {
        "mean_fit_time": 0.6909939765930175,
        "std_fit_time": 0.05197105446105522,
        "mean_score_time": 0.03381743431091309,
        "std_score_time": 0.004551805779806059,
        "param_model__bootstrap": true,
        "param_model__criterion": "log_loss",
        "param_model__min_samples_leaf": 4,
        "param_model__min_samples_split": 5,
        "param_model__n_estimators": 250,
        "params": {
            "model__bootstrap": true,
            "model__criterion": "log_loss",
            "model__min_samples_leaf": 4,
            "model__min_samples_split": 5,
            "model__n_estimators": 250
        },
        "split0_test_precision": 0.9642857142857143,
        "split1_test_precision": 1.0,
        "split2_test_precision": 0.8620689655172413,
        "split3_test_precision": 0.875,
        "split4_test_precision": 0.75,
        "mean_test_precision": 0.8902709359605911,
        "std_test_precision": 0.08743356678386412,
        "rank_test_precision": 1,
        "split0_test_recall": 0.5294117647058824,
        "split1_test_recall": 0.3137254901960784,
        "split2_test_recall": 0.49019607843137253,
        "split3_test_recall": 0.5490196078431373,
        "split4_test_recall": 0.48,
        "mean_test_recall": 0.4724705882352941,
        "std_test_recall": 0.08327417508023792,
        "rank_test_recall": 40,
        "split0_test_f1": 0.6835443037974683,
        "split1_test_f1": 0.47761194029850745,
        "split2_test_f1": 0.625,
        "split3_test_f1": 0.674698795180723,
        "split4_test_f1": 0.5853658536585366,
        "mean_test_f1": 0.609244178587047,
        "std_test_f1": 0.07476667961913068,
        "rank_test_f1": 21,
        "split0_test_accuracy": 0.8798076923076923,
        "split1_test_accuracy": 0.8317307692307693,
        "split2_test_accuracy": 0.8557692307692307,
        "split3_test_accuracy": 0.8701923076923077,
        "split4_test_accuracy": 0.8357487922705314,
        "mean_test_accuracy": 0.8546497584541063,
        "std_test_accuracy": 0.018752452002656784,
        "rank_test_accuracy": 6
    },
    "recall": {
        "mean_fit_time": 0.1056661605834961,
        "std_fit_time": 0.007117782589687859,
        "mean_score_time": 0.007672929763793945,
        "std_score_time": 0.0007561964676179489,
        "param_model__bootstrap": true,
        "param_model__criterion": "log_loss",
        "param_model__min_samples_leaf": 1,
        "param_model__min_samples_split": 6,
        "param_model__n_estimators": 50,
        "params": {
            "model__bootstrap": true,
            "model__criterion": "log_loss",
            "model__min_samples_leaf": 1,
            "model__min_samples_split": 6,
            "model__n_estimators": 50
        },
        "split0_test_precision": 0.8484848484848485,
        "split1_test_precision": 1.0,
        "split2_test_precision": 0.8387096774193549,
        "split3_test_precision": 0.7714285714285715,
        "split4_test_precision": 0.7948717948717948,
        "mean_test_precision": 0.8506989784409139,
        "std_test_precision": 0.07979963985156466,
        "rank_test_precision": 120,
        "split0_test_recall": 0.5490196078431373,
        "split1_test_recall": 0.4117647058823529,
        "split2_test_recall": 0.5098039215686274,
        "split3_test_recall": 0.5294117647058824,
        "split4_test_recall": 0.62,
        "mean_test_recall": 0.524,
        "std_test_recall": 0.06733432685096159,
        "rank_test_recall": 1,
        "split0_test_f1": 0.6666666666666667,
        "split1_test_f1": 0.5833333333333334,
        "split2_test_f1": 0.6341463414634145,
        "split3_test_f1": 0.627906976744186,
        "split4_test_f1": 0.6966292134831461,
        "mean_test_f1": 0.6417365063381493,
        "std_test_f1": 0.03819560000931623,
        "rank_test_f1": 1,
        "split0_test_accuracy": 0.8653846153846154,
        "split1_test_accuracy": 0.8557692307692307,
        "split2_test_accuracy": 0.8557692307692307,
        "split3_test_accuracy": 0.8461538461538461,
        "split4_test_accuracy": 0.8695652173913043,
        "mean_test_accuracy": 0.8585284280936456,
        "std_test_accuracy": 0.008211877253158348,
        "rank_test_accuracy": 1
    },
    "f1": {
        "mean_fit_time": 0.1056661605834961,
        "std_fit_time": 0.007117782589687859,
        "mean_score_time": 0.007672929763793945,
        "std_score_time": 0.0007561964676179489,
        "param_model__bootstrap": true,
        "param_model__criterion": "log_loss",
        "param_model__min_samples_leaf": 1,
        "param_model__min_samples_split": 6,
        "param_model__n_estimators": 50,
        "params": {
            "model__bootstrap": true,
            "model__criterion": "log_loss",
            "model__min_samples_leaf": 1,
            "model__min_samples_split": 6,
            "model__n_estimators": 50
        },
        "split0_test_precision": 0.8484848484848485,
        "split1_test_precision": 1.0,
        "split2_test_precision": 0.8387096774193549,
        "split3_test_precision": 0.7714285714285715,
        "split4_test_precision": 0.7948717948717948,
        "mean_test_precision": 0.8506989784409139,
        "std_test_precision": 0.07979963985156466,
        "rank_test_precision": 120,
        "split0_test_recall": 0.5490196078431373,
        "split1_test_recall": 0.4117647058823529,
        "split2_test_recall": 0.5098039215686274,
        "split3_test_recall": 0.5294117647058824,
        "split4_test_recall": 0.62,
        "mean_test_recall": 0.524,
        "std_test_recall": 0.06733432685096159,
        "rank_test_recall": 1,
        "split0_test_f1": 0.6666666666666667,
        "split1_test_f1": 0.5833333333333334,
        "split2_test_f1": 0.6341463414634145,
        "split3_test_f1": 0.627906976744186,
        "split4_test_f1": 0.6966292134831461,
        "mean_test_f1": 0.6417365063381493,
        "std_test_f1": 0.03819560000931623,
        "rank_test_f1": 1,
        "split0_test_accuracy": 0.8653846153846154,
        "split1_test_accuracy": 0.8557692307692307,
        "split2_test_accuracy": 0.8557692307692307,
        "split3_test_accuracy": 0.8461538461538461,
        "split4_test_accuracy": 0.8695652173913043,
        "mean_test_accuracy": 0.8585284280936456,
        "std_test_accuracy": 0.008211877253158348,
        "rank_test_accuracy": 1
    },
    "accuracy": {
        "mean_fit_time": 0.1056661605834961,
        "std_fit_time": 0.007117782589687859,
        "mean_score_time": 0.007672929763793945,
        "std_score_time": 0.0007561964676179489,
        "param_model__bootstrap": true,
        "param_model__criterion": "log_loss",
        "param_model__min_samples_leaf": 1,
        "param_model__min_samples_split": 6,
        "param_model__n_estimators": 50,
        "params": {
            "model__bootstrap": true,
            "model__criterion": "log_loss",
            "model__min_samples_leaf": 1,
            "model__min_samples_split": 6,
            "model__n_estimators": 50
        },
        "split0_test_precision": 0.8484848484848485,
        "split1_test_precision": 1.0,
        "split2_test_precision": 0.8387096774193549,
        "split3_test_precision": 0.7714285714285715,
        "split4_test_precision": 0.7948717948717948,
        "mean_test_precision": 0.8506989784409139,
        "std_test_precision": 0.07979963985156466,
        "rank_test_precision": 120,
        "split0_test_recall": 0.5490196078431373,
        "split1_test_recall": 0.4117647058823529,
        "split2_test_recall": 0.5098039215686274,
        "split3_test_recall": 0.5294117647058824,
        "split4_test_recall": 0.62,
        "mean_test_recall": 0.524,
        "std_test_recall": 0.06733432685096159,
        "rank_test_recall": 1,
        "split0_test_f1": 0.6666666666666667,
        "split1_test_f1": 0.5833333333333334,
        "split2_test_f1": 0.6341463414634145,
        "split3_test_f1": 0.627906976744186,